locale,kind,name
kr,surname,김
kr,surname,이
kr,surname,박
kr,surname,최
kr,surname,정
kr,surname,강
kr,surname,조
kr,surname,윤
kr,surname,장
kr,surname,임
kr,surname,한
kr,surname,오
kr,surname,서
kr,surname,신
kr,surname,권
kr,surname,황
kr,surname,안
kr,surname,송
kr,surname,전
kr,surname,홍
kr,surname,고
kr,surname,문
kr,surname,양
kr,surname,손
kr,surname,배
kr,surname,백
kr,surname,허
kr,surname,유
kr,surname,남
kr,surname,심
kr,surname,노
kr,surname,하
kr,surname,곽
kr,surname,성
kr,surname,차
kr,surname,주
kr,surname,우
kr,surname,구
kr,surname,나
kr,surname,민
kr,given,민준
kr,given,서준
kr,given,도윤
kr,given,시우
kr,given,주원
kr,given,하준
kr,given,지호
kr,given,지후
kr,given,준서
kr,given,준우
kr,given,예준
kr,given,도현
kr,given,지훈
kr,given,민재
kr,given,현우
kr,given,우진
kr,given,현준
kr,given,태양
kr,given,지원
kr,given,성민
kr,given,건우
kr,given,승현
kr,given,재원
kr,given,연우
kr,given,정우
kr,given,준혁
kr,given,동현
kr,given,재민
kr,given,용준
kr,given,태민
kr,given,성준
kr,given,민혁
kr,given,동준
kr,given,현서
kr,given,준호
kr,given,재현
kr,given,기준
kr,given,찬우
kr,given,태준
kr,given,승우
kr,given,민석
kr,given,상현
kr,given,동혁
kr,given,준영
kr,given,태현
kr,given,성현
kr,given,재훈
kr,given,기훈
kr,given,민우
kr,given,상민
kr,given,찬영
kr,given,재윤
kr,given,승민
kr,given,현진
kr,given,지성
kr,given,원준
kr,given,태우
kr,given,진우
kr,given,동우
kr,given,성우
en,surname,Kim
en,surname,Lee
en,surname,Park
en,surname,Choi
en,surname,Jung
en,surname,Kang
en,surname,Cho
en,surname,Yoon
en,surname,Jang
en,surname,Lim
en,surname,Han
en,surname,Oh
en,surname,Seo
en,surname,Shin
en,surname,Kwon
en,surname,Hwang
en,surname,Ahn
en,surname,Song
en,surname,Jeon
en,surname,Hong
en,surname,Ko
en,surname,Moon
en,surname,Yang
en,surname,Son
en,surname,Bae
en,surname,Baek
en,surname,Heo
en,surname,You
en,surname,Nam
en,surname,Sim
en,surname,Noh
en,surname,Ha
en,surname,Kwak
en,surname,Sung
en,surname,Cha
en,surname,Joo
en,surname,Woo
en,surname,Ku
en,surname,Na
en,surname,Min
en,given,Min-jun
en,given,Seo-jun
en,given,Do-yun
en,given,Si-woo
en,given,Ju-won
en,given,Ha-jun
en,given,Ji-ho
en,given,Ji-hoo
en,given,Jun-seo
en,given,Jun-woo
en,given,Ye-jun
en,given,Do-hyun
en,given,Ji-hoon
en,given,Min-jae
en,given,Hyun-woo
en,given,Woo-jin
en,given,Hyun-jun
en,given,Tae-yang
en,given,Ji-won
en,given,Seong-min
en,given,Geon-woo
en,given,Seung-hyun
en,given,Jae-won
en,given,Yeon-woo
en,given,Jeong-woo
en,given,Jun-hyuk
en,given,Dong-hyun
en,given,Jae-min
en,given,Yong-jun
en,given,Tae-min
en,given,Seong-jun
en,given,Min-hyuk
en,given,Dong-jun
en,given,Hyun-seo
en,given,Jun-ho
en,given,Jae-hyun
en,given,Gi-jun
en,given,Chan-woo
en,given,Tae-jun
en,given,Seung-woo
en,given,Min-seok
en,given,Sang-hyun
en,given,Dong-hyuk
en,given,Jun-young
en,given,Tae-hyun
en,given,Seong-hyun
en,given,Jae-hoon
en,given,Gi-hoon
en,given,Min-woo
en,given,Sang-min
en,given,Chan-young
en,given,Jae-yun
en,given,Seung-min
en,given,Hyun-jin
en,given,Ji-sung
en,given,Won-jun
en,given,Tae-woo
en,given,Jin-woo
en,given,Dong-woo
en,given,Seong-woo
jp,surname,타나카
jp,surname_roman,Tanaka
jp,surname,스즈키
jp,surname_roman,Suzuki
jp,surname,사토
jp,surname_roman,Sato
jp,surname,타카하시
jp,surname_roman,Takahashi
jp,surname,이토
jp,surname_roman,Ito
jp,surname,와타나베
jp,surname_roman,Watanabe
jp,surname,야마모토
jp,surname_roman,Yamamoto
jp,surname,나카무라
jp,surname_roman,Nakamura
jp,surname,고바야시
jp,surname_roman,Kobayashi
jp,surname,카토
jp,surname_roman,Kato
jp,surname,요시다
jp,surname_roman,Yoshida
jp,surname,야마다
jp,surname_roman,Yamada
jp,surname,사사키
jp,surname_roman,Sasaki
jp,surname,야마구치
jp,surname_roman,Yamaguchi
jp,surname,마쓰모토
jp,surname_roman,Matsumoto
jp,surname,이노우에
jp,surname_roman,Inoue
jp,surname,기무라
jp,surname_roman,Kimura
jp,surname,하야시
jp,surname_roman,Hayashi
jp,surname,사이토
jp,surname_roman,Saito
jp,surname,시미즈
jp,surname_roman,Shimizu
jp,surname,야마자키
jp,surname_roman,Yamazaki
jp,surname,이케다
jp,surname_roman,Ikeda
jp,surname,아베
jp,surname_roman,Abe
jp,surname,하시모토
jp,surname_roman,Hashimoto
jp,surname,이시카와
jp,surname_roman,Ishikawa
jp,surname,마에다
jp,surname_roman,Maeda
jp,surname,후지타
jp,surname_roman,Fujita
jp,surname,오카다
jp,surname_roman,Okada
jp,surname,고토
jp,surname_roman,Goto
jp,surname,무라카미
jp,surname_roman,Murakami
jp,surname,콘도
jp,surname_roman,Kondo
jp,surname,이시다
jp,surname_roman,Ishida
jp,surname,사카모토
jp,surname_roman,Sakamoto
jp,surname,엔도
jp,surname_roman,Endo
jp,surname,후지이
jp,surname_roman,Fujii
jp,surname,니시무라
jp,surname_roman,Nishimura
jp,surname,후쿠다
jp,surname_roman,Fukuda
jp,surname,오타
jp,surname_roman,Ota
jp,surname,미우라
jp,surname_roman,Miura
jp,surname,오카모토
jp,surname_roman,Okamoto
jp,given,츠바사
jp,given_roman,Tsubasa
jp,given,다이키
jp,given_roman,Daiki
jp,given,렌
jp,given_roman,Ren
jp,given,소타
jp,given_roman,Sota
jp,given,켄타
jp,given_roman,Kenta
jp,given,쇼
jp,given_roman,Sho
jp,given,유토
jp,given_roman,Yuto
jp,given,야마토
jp,given_roman,Yamato
jp,given,히카루
jp,given_roman,Hikaru
jp,given,류
jp,given_roman,Ryu
jp,given,카이토
jp,given_roman,Kaito
jp,given,아키라
jp,given_roman,Akira
jp,given,마코토
jp,given_roman,Makoto
jp,given,슌
jp,given_roman,Shun
jp,given,유타
jp,given_roman,Yuta
jp,given,준
jp,given_roman,Jun
jp,given,하야토
jp,given_roman,Hayato
jp,given,료
jp,given_roman,Ryo
jp,given,쓰요시
jp,given_roman,Tsuyoshi
jp,given,료
jp,given_roman,Ryo
jp,given,히로시
jp,given_roman,Hiroshi
jp,given,쓰카사
jp,given_roman,Tsukasa
jp,given,토루
jp,given_roman,Toru
jp,given,유타카
jp,given_roman,Yutaka
jp,given,마나부
jp,given_roman,Manabu
jp,given,요스케
jp,given_roman,Yosuke
jp,given,코지
jp,given_roman,Koji
jp,given,진
jp,given_roman,Jin
jp,given,오사무
jp,given_roman,Osamu
jp,given,기요시
jp,given_roman,Kiyoshi
jp,given,히라쿠
jp,given_roman,Hiraku
jp,given,슌
jp,given_roman,Shun
jp,given,사토시
jp,given_roman,Satoshi
jp,given,미쓰루
jp,given_roman,Mitsuru
jp,given,아키라
jp,given_roman,Akira
jp,given,시게루
jp,given_roman,Shigeru
jp,given,스스무
jp,given_roman,Susumu
jp,given,이사무
jp,given_roman,Isamu
jp,given,히로시
jp,given_roman,Hiroshi
jp,given,히로시
jp,given_roman,Hiroshi
